<?xml version="1.0" encoding="UTF-8"?>
<decorators defaultdir="/WEB-INF/views/decorators">

	<decorator name="main_manage" page="main_decorator_manage.jsp">
		<pattern>/index_vuexy.do*</pattern>
	</decorator>

	<decorator name="main_home" page="main_decorator_home.jsp">
		<pattern>/index_landrick.do*</pattern>
	</decorator>

<!-- 	<decorator name="openWindow_manage" page="open_decorator_manage.jsp"> -->
<!-- 		<pattern>*/home/*/*</pattern> -->
<!-- 	</decorator> -->
	
<!-- 	<decorator name="openWindow_home" page="open_decorator_home.jsp"> -->
<!-- 		<pattern>/**/*</pattern> -->
<!-- 	</decorator> -->

<!-- 	<decorator name="noticeRegistForm" page="notice_registForm_decorator.jsp"> -->
<!-- 		<pattern>/notice/registForm.do</pattern> -->
<!-- 	</decorator> -->

<!-- resources -> 앞뒤에 header, footer 붙기에 빼줘야함   -->
<!-- 	<link rel="stylesheet" -->
<!-- 	href="<%=request.getContextPath()%>/resources/bootstrap/plugins/fontawesome-free/css/all.min.css"> -->
	<exclude>
		<pattern>/resources/*</pattern>
	</exclude>


</decorators>
