<?xml version="1.0" encoding="UTF-8"?>
<beans xmlns="http://www.springframework.org/schema/beans"
	xmlns:xsi="http://www.w3.org/2001/XMLSchema-instance"
	xmlns:context="http://www.springframework.org/schema/context"
	xmlns:c="http://www.springframework.org/schema/c"
	xmlns:p="http://www.springframework.org/schema/p"
	xsi:schemaLocation="http://www.springframework.org/schema/beans https://www.springframework.org/schema/beans/spring-beans.xsd
		http://www.springframework.org/schema/context http://www.springframework.org/schema/context/spring-context-4.3.xsd">

	<!-- Root Context: defines shared resources visible to all other web components -->
	<context:property-placeholder file-encoding="utf-8"
								  location="classpath:com/spring/properties/*.properties"/>


	<!-- boardImgPath -->
	<bean id="imgPath" class="java.lang.String">
		<constructor-arg value="${summernote.img}" />
	</bean>

	<!-- member.picture -->
	<bean id="picturePath" class="java.lang.String">
		<constructor-arg value="${member.picture.upload}" />
	</bean>


	<!-- file upload -->
	<bean id="fileUploadPath" class="java.lang.String">
		<constructor-arg value="${pds.upload}"/>
	</bean>

	<import resource="./dataSource-context.xml"/>
	<import resource="./application-context.xml"/>
	<import resource="./aop-context.xml"/>
	<import resource="./security-context.xml"/>

</beans>







